<?xml version="1.0" encoding="utf-8"?>

<instance xmlns="http://www.exelearning.org/content/v0.3" reference="4" version="0.3" xmlns:xsi="http://www.w3.org/2001/XMLSchema-instance" xsi:schemalocation="http://www.exelearning.org/content/v0.3 content.xsd" class="exe.engine.package.Package">
 <dictionary>
  <string role="key" value="_title"></string>
  <unicode value=""></unicode>
  <string role="key" value="idevices"></string>
  <list></list>
  <string role="key" value="_addPagination"></string>
  <bool value="0"></bool>
  <string role="key" value="_addSearchBox"></string>
  <bool value="0"></bool>
  <string role="key" value="_author"></string>
  <unicode value=""></unicode>
  <string role="key" value="_backgroundImg"></string>
  <unicode value=""></unicode>
  <string role="key" value="_contextMode"></string>
  <unicode value=""></unicode>
  <string role="key" value="_contextPlace"></string>
  <unicode value=""></unicode>
  <string role="key" value="_description"></string>
  <unicode value=""></unicode>
  <string role="key" value="_docType"></string>
  <unicode value="HTML5"></unicode>
  <string role="key" value="_exportElp"></string>
  <bool value="0"></bool>
  <string role="key" value="_extraHeadContent"></string>
  <unicode value=""></unicode>
  <string role="key" value="_fieldValidationInfo"></string>
  <dictionary>
   <unicode role="key" value="all"></unicode>
   <dictionary>
    <unicode role="key" value="mandatory_fields"></unicode>
    <list>
     <unicode value="pp_title"></unicode>
     <unicode value="pp_lang"></unicode>
     <unicode value="pp_description"></unicode>
     <unicode value="pp_author"></unicode>
     <unicode value="pp_newlicense"></unicode>
    </list>
   </dictionary>
   <unicode role="key" value="procomun"></unicode>
   <dictionary>
    <unicode role="key" value="mandatory_fields"></unicode>
    <list>
     <unicode value="pp_learningResourceType"></unicode>
    </list>
    <unicode role="key" value="values_from_list"></unicode>
    <dictionary>
     <unicode role="key" value="pp_learningResourceType"></unicode>
     <list>
      <unicode value="master class"></unicode>
      <unicode value="closed exercise or problem"></unicode>
      <unicode value="real project"></unicode>
      <unicode value="didactic game"></unicode>
      <unicode value="webquest"></unicode>
      <unicode value="open problem"></unicode>
      <unicode value="simulation"></unicode>
      <unicode value="questionnaire"></unicode>
      <unicode value="conceptual map"></unicode>
     </list>
    </dictionary>
   </dictionary>
  </dictionary>
  <string role="key" value="_intendedEndUserRoleGroup"></string>
  <bool value="0"></bool>
  <string role="key" value="_intendedEndUserRoleTutor"></string>
  <bool value="0"></bool>
  <string role="key" value="_intendedEndUserRoleType"></string>
  <unicode value=""></unicode>
  <string role="key" value="_isChanged"></string>
  <bool value="0"></bool>
  <string role="key" value="_isTemplate"></string>
  <bool value="0"></bool>
  <string role="key" value="_lang"></string>
  <unicode value="ca"></unicode>
  <string role="key" value="_learningResourceType"></string>
  <unicode value=""></unicode>
  <string role="key" value="_levelNames"></string>
  <list>
   <unicode value="Tema"></unicode>
   <unicode value="Secció"></unicode>
   <unicode value="Apartat"></unicode>
  </list>
  <string role="key" value="_name"></string>
  <unicode value="02._Caracterstiques_bsiques_del_llenguatge"></unicode>
  <string role="key" value="_nextIdeviceId"></string>
  <int value="6"></int>
  <string role="key" value="_nextNodeId"></string>
  <int value="9"></int>
  <string role="key" value="_nodeIdDict"></string>
  <dictionary>
   <unicode role="key" value="0"></unicode>
   <instance class="exe.engine.node.Node" reference="3">
    <dictionary>
     <string role="key" value="_title"></string>
     <unicode value="2. Característiques bàsiques del llenguatge"></unicode>
     <string role="key" value="idevices"></string>
     <list>
      <instance class="exe.engine.jsidevice.JsIdevice" reference="1">
       <dictionary>
        <string role="key" value="_title"></string>
        <unicode value="Continguts"></unicode>
        <string role="key" value="_attributes"></string>
        <list>
         <tuple>
          <string value="title"></string>
          <list>
           <string value="Title"></string>
           <int value="0"></int>
           <int value="0"></int>
          </list>
         </tuple>
         <tuple>
          <string value="category"></string>
          <list>
           <string value="Category"></string>
           <int value="0"></int>
           <int value="1"></int>
          </list>
         </tuple>
         <tuple>
          <string value="css-class"></string>
          <list>
           <string value="CSS class"></string>
           <int value="0"></int>
           <int value="2"></int>
          </list>
         </tuple>
         <tuple>
          <string value="icon"></string>
          <list>
           <string value="Icon"></string>
           <int value="0"></int>
           <int value="3"></int>
          </list>
         </tuple>
        </list>
        <string role="key" value="_author"></string>
        <string value=""></string>
        <string role="key" value="_editionFolder"></string>
        <string value="text/edition/"></string>
        <string role="key" value="_editionResources"></string>
        <list>
         <string value="text.js"></string>
        </list>
        <string role="key" value="_exportFolder"></string>
        <none></none>
        <string role="key" value="_exportResources"></string>
        <list></list>
        <string role="key" value="_iDeviceDir"></string>
        <string value="/home/vicent/.exe/scripts/idevices/text"></string>
        <string role="key" value="_purpose"></string>
        <string value=""></string>
        <string role="key" value="_tip"></string>
        <string value=""></string>
        <string role="key" value="_valid"></string>
        <bool value="1"></bool>
        <string role="key" value="class_"></string>
        <unicode value="text"></unicode>
        <string role="key" value="edit"></string>
        <bool value="0"></bool>
        <string role="key" value="emphasis"></string>
        <int value="1"></int>
        <string role="key" value="exe.engine.jsidevice.JsIdevice.persistenceVersion"></string>
        <int value="1"></int>
        <string role="key" value="fields"></string>
        <list>
         <instance class="exe.engine.field.TextAreaField" reference="2">
          <dictionary>
           <string role="key" value="_id"></string>
           <unicode value="49_2"></unicode>
           <string role="key" value="_idevice"></string>
           <reference key="1"></reference>
           <string role="key" value="_instruc"></string>
           <string value=""></string>
           <string role="key" value="_name"></string>
           <string value=""></string>
           <string role="key" value="anchor_names"></string>
           <list></list>
           <string role="key" value="anchors_linked_from_fields"></string>
           <dictionary></dictionary>
           <string role="key" value="content_w_resourcePaths"></string>
           <unicode content="true" value="&lt;div class=&quot;exe-text&quot;&gt;&lt;ol&gt;
&lt;li&gt; Programació web amb PHP
&lt;ol&gt;
&lt;li&gt;Funcionament i estructura bàsica&lt;/li&gt;
&lt;li&gt;Variables i tipus de dades&lt;/li&gt;
&lt;li&gt;Constants&lt;/li&gt;
&lt;li&gt;Expressions i operadors&lt;/li&gt;
&lt;li&gt;Estructures de control&lt;/li&gt;
&lt;/ol&gt;
&lt;/li&gt;
&lt;li&gt;Maneig de cadenes&lt;/li&gt;
&lt;li&gt;Maneig d'arrays&lt;/li&gt;
&lt;li&gt;Funcions
&lt;ol&gt;
&lt;li&gt;Predefinides&lt;/li&gt;
&lt;li&gt;De l'usuari&lt;/li&gt;
&lt;/ol&gt;
&lt;/li&gt;
&lt;li&gt;Noves característiques de PHP 7
&lt;ol&gt;
&lt;li&gt;Type Hinting&lt;/li&gt;
&lt;li&gt;Nous operadors PHP 7
&lt;ol&gt;
&lt;li&gt;Operador nau espacial&lt;/li&gt;
&lt;li&gt;Operador de fusió de null&lt;/li&gt;
&lt;li&gt;Funcions anònimes (closures)&lt;/li&gt;
&lt;/ol&gt;
&lt;/li&gt;
&lt;/ol&gt;
&lt;/li&gt;
&lt;li&gt;Processament de formularis
&lt;ol&gt;
&lt;li&gt;Mètodes GET i POST&lt;/li&gt;
&lt;li&gt;Definició de formularis&lt;/li&gt;
&lt;li&gt;Recuperació d'informació amb GET&lt;/li&gt;
&lt;li&gt;Recuperació d'informació amb POST&lt;/li&gt;
&lt;li&gt;Enviament d'arxius&lt;/li&gt;
&lt;li&gt;Validació de formularis&lt;/li&gt;
&lt;/ol&gt;
&lt;/li&gt;
&lt;/ol&gt;&lt;/div&gt;"></unicode>
           <string role="key" value="exe.engine.field.Field.persistenceVersion"></string>
           <int value="4"></int>
           <string role="key" value="exe.engine.field.FieldWithResources.persistenceVersion"></string>
           <int value="2"></int>
           <string role="key" value="exe.engine.field.TextAreaField.persistenceVersion"></string>
           <int value="3"></int>
           <string role="key" value="htmlTag"></string>
           <string value="div"></string>
           <string role="key" value="images"></string>
           <instance class="exe.engine.galleryidevice.GalleryImages">
            <dictionary>
             <string role="key" value=".listitems"></string>
             <list></list>
             <string role="key" value="idevice"></string>
             <reference key="2"></reference>
            </dictionary>
           </instance>
           <string role="key" value="intlinks_to_anchors"></string>
           <dictionary></dictionary>
           <string role="key" value="nextImageId"></string>
           <int value="0"></int>
           <string role="key" value="parentNode"></string>
           <reference key="3"></reference>
          </dictionary>
         </instance>
        </list>
        <string role="key" value="icon"></string>
        <unicode value=""></unicode>
        <string role="key" value="id"></string>
        <unicode value="1"></unicode>
        <string role="key" value="ideviceCategory"></string>
        <unicode value="Text and Tasks"></unicode>
        <string role="key" value="lastIdevice"></string>
        <bool value="0"></bool>
        <string role="key" value="nextFieldId"></string>
        <int value="3"></int>
        <string role="key" value="originalicon"></string>
        <string value=""></string>
        <string role="key" value="parentNode"></string>
        <reference key="3"></reference>
        <string role="key" value="systemResources"></string>
        <list></list>
        <string role="key" value="undo"></string>
        <bool value="1"></bool>
        <string role="key" value="userResources"></string>
        <list></list>
        <string role="key" value="version"></string>
        <int value="0"></int>
       </dictionary>
      </instance>
     </list>
     <string role="key" value="_id"></string>
     <unicode value="0"></unicode>
     <string role="key" value="_package"></string>
     <reference key="4"></reference>
     <string role="key" value="anchor_fields"></string>
     <list></list>
     <string role="key" value="exe.engine.node.Node.persistenceVersion"></string>
     <int value="2"></int>
     <string role="key" value="exportType"></string>
     <string value="website"></string>
     <string role="key" value="last_full_node_path"></string>
     <string value="exe-node:2.%20Caracter%C3%ADstiques%20b%C3%A0siques%20del%20llenguatge"></string>
     <string role="key" value="parent"></string>
     <none></none>
     <string role="key" value="top_anchors_linked_from_fields"></string>
     <list></list>
     <string role="key" value="children"></string>
     <list>
      <instance class="exe.engine.node.Node" reference="14">
       <dictionary>
        <string role="key" value="_title"></string>
        <unicode value="1. Programació web amb PHP"></unicode>
        <string role="key" value="idevices"></string>
        <list></list>
        <string role="key" value="_id"></string>
        <unicode value="1"></unicode>
        <string role="key" value="_package"></string>
        <reference key="4"></reference>
        <string role="key" value="anchor_fields"></string>
        <list></list>
        <string role="key" value="exe.engine.node.Node.persistenceVersion"></string>
        <int value="2"></int>
        <string role="key" value="exportType"></string>
        <string value="website"></string>
        <string role="key" value="last_full_node_path"></string>
        <string value="exe-node:2.%20Caracter%C3%ADstiques%20b%C3%A0siques%20del%20llenguatge:1.%20Programaci%C3%B3%20web%20amb%20PHP"></string>
        <string role="key" value="parent"></string>
        <reference key="3"></reference>
        <string role="key" value="top_anchors_linked_from_fields"></string>
        <list></list>
        <string role="key" value="children"></string>
        <list></list>
       </dictionary>
      </instance>
      <instance class="exe.engine.node.Node" reference="5">
       <dictionary>
        <string role="key" value="_title"></string>
        <unicode value="2. Maneig de cadenes de text i dates"></unicode>
        <string role="key" value="idevices"></string>
        <list></list>
        <string role="key" value="_id"></string>
        <unicode value="2"></unicode>
        <string role="key" value="_package"></string>
        <reference key="4"></reference>
        <string role="key" value="anchor_fields"></string>
        <list></list>
        <string role="key" value="exe.engine.node.Node.persistenceVersion"></string>
        <int value="2"></int>
        <string role="key" value="exportType"></string>
        <string value="website"></string>
        <string role="key" value="last_full_node_path"></string>
        <string value="exe-node:2.%20Caracter%C3%ADstiques%20b%C3%A0siques%20del%20llenguatge:2.%20Maneig%20de%20cadenes%20de%20text%20i%20dates"></string>
        <string role="key" value="parent"></string>
        <reference key="3"></reference>
        <string role="key" value="top_anchors_linked_from_fields"></string>
        <list></list>
        <string role="key" value="children"></string>
        <list>
         <instance class="exe.engine.node.Node" reference="15">
          <dictionary>
           <string role="key" value="_title"></string>
           <unicode value="2.1. Maneig de cadenes de text"></unicode>
           <string role="key" value="idevices"></string>
           <list></list>
           <string role="key" value="_id"></string>
           <unicode value="4"></unicode>
           <string role="key" value="_package"></string>
           <reference key="4"></reference>
           <string role="key" value="anchor_fields"></string>
           <list></list>
           <string role="key" value="exe.engine.node.Node.persistenceVersion"></string>
           <int value="2"></int>
           <string role="key" value="exportType"></string>
           <string value="website"></string>
           <string role="key" value="last_full_node_path"></string>
           <string value="exe-node:2.%20Caracter%C3%ADstiques%20b%C3%A0siques%20del%20llenguatge:2.%20Maneig%20de%20cadenes%20de%20text%20i%20dates:2.1.%20Maneig%20de%20cadenes%20de%20text"></string>
           <string role="key" value="parent"></string>
           <reference key="5"></reference>
           <string role="key" value="top_anchors_linked_from_fields"></string>
           <list></list>
           <string role="key" value="children"></string>
           <list></list>
          </dictionary>
         </instance>
         <instance class="exe.engine.node.Node" reference="8">
          <dictionary>
           <string role="key" value="_title"></string>
           <unicode value="2.2. Maneig de dates"></unicode>
           <string role="key" value="idevices"></string>
           <list>
            <instance class="exe.engine.freetextidevice.FreeTextIdevice" reference="6">
             <dictionary>
              <string role="key" value="_title"></string>
              <unicode value="Free Text"></unicode>
              <string role="key" value="_author"></string>
              <unicode value="University of Auckland"></unicode>
              <string role="key" value="_purpose"></string>
              <unicode value="The majority of a learning resource will be 
establishing context, delivering instructions and providing general information.
This provides the framework within which the learning activities are built and 
delivered."></unicode>
              <string role="key" value="_tip"></string>
              <string value=""></string>
              <string role="key" value="childs"></string>
              <list></list>
              <string role="key" value="content"></string>
              <instance class="exe.engine.field.TextAreaField" reference="7">
               <dictionary>
                <string role="key" value="_id"></string>
                <int value="85"></int>
                <string role="key" value="_idevice"></string>
                <reference key="6"></reference>
                <string role="key" value="_instruc"></string>
                <unicode value="Use this field to enter text. This 
iDevice has no emphasis applied although limited formatting can be applied to 
text through the text editing buttons associated with the field."></unicode>
                <string role="key" value="_name"></string>
                <unicode value="Free Text"></unicode>
                <string role="key" value="anchor_names"></string>
                <list></list>
                <string role="key" value="anchors_linked_from_fields"></string>
                <dictionary></dictionary>
                <string role="key" value="content_w_resourcePaths"></string>
                <unicode content="true" value="&lt;h2&gt;Funció &lt;code&gt;time()&lt;/code&gt;&lt;/h2&gt;
&lt;p&gt;En PHP les dates s'emmagatzemen com a números enters. La funció &lt;code&gt;time()&lt;/code&gt; retorna el nombre de segons transcorreguts des de l'1 de gener de 1970 (instant conegut com a època Unix). A aquesta forma d'expressar data i hora se li denomina &lt;strong&gt;timestamp&lt;/strong&gt;.&lt;/p&gt;
&lt;h2&gt;Funció &lt;code&gt;date()&lt;/code&gt;&lt;/h2&gt;
&lt;div class=&quot;highlighted-code language-php&quot;&gt;
&lt;div&gt;
&lt;pre&gt;&lt;code&gt; date ( string $format [, int $timestamp = time() ] ) : string&lt;/code&gt;&lt;/pre&gt;
&lt;/div&gt;
&lt;/div&gt;
&lt;p&gt;La funció &lt;code&gt;date&lt;/code&gt; retorna una cadena formatada segons els codi de format. Si no li passem la variable &lt;code&gt;timestamp&lt;/code&gt; ens retorna la cadena formatada per a la data i l'hora actual.&lt;/p&gt;
&lt;p&gt;Els codis de format més habituals  per a la funció &lt;code&gt;date&lt;/code&gt; són:&lt;/p&gt;
&lt;table class=&quot;exe-table&quot; style=&quot;height: 824px; width: 426px; margin-left: auto; margin-right: auto;&quot; width=&quot;364&quot; height=&quot;809&quot; border=&quot;1&quot;&gt;
&lt;tbody&gt;
&lt;tr style=&quot;height: 21px;&quot;&gt;
&lt;td style=&quot;width: 45px; height: 21px;&quot;&gt;CODI&lt;/td&gt;
&lt;td style=&quot;width: 310.8px; height: 21px;&quot;&gt;DESCRIPCIÓ&lt;/td&gt;
&lt;/tr&gt;
&lt;tr style=&quot;height: 21px;&quot;&gt;
&lt;td style=&quot;width: 45px; height: 21px;&quot;&gt;a&lt;/td&gt;
&lt;td style=&quot;width: 310.8px; height: 21px;&quot;&gt;am o pm&lt;/td&gt;
&lt;/tr&gt;
&lt;tr style=&quot;height: 21px;&quot;&gt;
&lt;td style=&quot;width: 45px; height: 21px;&quot;&gt;A&lt;/td&gt;
&lt;td style=&quot;width: 310.8px; height: 21px;&quot;&gt;AM o PM&lt;/td&gt;
&lt;/tr&gt;
&lt;tr style=&quot;height: 21px;&quot;&gt;
&lt;td style=&quot;width: 45px; height: 21px;&quot;&gt;d&lt;/td&gt;
&lt;td style=&quot;width: 310.8px; height: 21px;&quot;&gt;Dia del mes amb zeros&lt;/td&gt;
&lt;/tr&gt;
&lt;tr style=&quot;height: 21px;&quot;&gt;
&lt;td style=&quot;width: 45px; height: 21px;&quot;&gt;D&lt;/td&gt;
&lt;td style=&quot;width: 310.8px; height: 21px;&quot;&gt;Abreviatura del dia de la setmana (en anglès)&lt;/td&gt;
&lt;/tr&gt;
&lt;tr style=&quot;height: 21px;&quot;&gt;
&lt;td style=&quot;width: 45px; height: 21px;&quot;&gt;F&lt;/td&gt;
&lt;td style=&quot;width: 310.8px; height: 21px;&quot;&gt;Nom del mes (en anglès)&lt;/td&gt;
&lt;/tr&gt;
&lt;tr style=&quot;height: 21px;&quot;&gt;
&lt;td style=&quot;width: 45px; height: 21px;&quot;&gt;h&lt;/td&gt;
&lt;td style=&quot;width: 310.8px; height: 21px;&quot;&gt;Hora en format 1-12&lt;/td&gt;
&lt;/tr&gt;
&lt;tr style=&quot;height: 21px;&quot;&gt;
&lt;td style=&quot;width: 45px; height: 21px;&quot;&gt;H&lt;/td&gt;
&lt;td style=&quot;width: 310.8px; height: 21px;&quot;&gt;Hora en format 0-23&lt;/td&gt;
&lt;/tr&gt;
&lt;tr style=&quot;height: 21px;&quot;&gt;
&lt;td style=&quot;width: 45px; height: 21px;&quot;&gt;i&lt;/td&gt;
&lt;td style=&quot;width: 310.8px; height: 21px;&quot;&gt;Minuts&lt;/td&gt;
&lt;/tr&gt;
&lt;tr style=&quot;height: 21px;&quot;&gt;
&lt;td style=&quot;width: 45px; height: 21px;&quot;&gt;j&lt;/td&gt;
&lt;td style=&quot;width: 310.8px; height: 21px;&quot;&gt;Dia del mes sense zeros&lt;/td&gt;
&lt;/tr&gt;
&lt;tr&gt;
&lt;td style=&quot;width: 45px;&quot;&gt;l&lt;/td&gt;
&lt;td style=&quot;width: 310.8px;&quot;&gt;Dia de la setmana&lt;/td&gt;
&lt;/tr&gt;
&lt;tr&gt;
&lt;td style=&quot;width: 45px;&quot;&gt;m&lt;/td&gt;
&lt;td style=&quot;width: 310.8px;&quot;&gt;Número de mes (1-12)&lt;/td&gt;
&lt;/tr&gt;
&lt;tr&gt;
&lt;td style=&quot;width: 45px;&quot;&gt;M&lt;/td&gt;
&lt;td style=&quot;width: 310.8px;&quot;&gt;Abreviatura del mes (en anglès)&lt;/td&gt;
&lt;/tr&gt;
&lt;tr&gt;
&lt;td style=&quot;width: 45px;&quot;&gt;s&lt;/td&gt;
&lt;td style=&quot;width: 310.8px;&quot;&gt;Segons&lt;/td&gt;
&lt;/tr&gt;
&lt;tr&gt;
&lt;td style=&quot;width: 45px;&quot;&gt;y&lt;/td&gt;
&lt;td style=&quot;width: 310.8px;&quot;&gt;Any amb 2 dígits&lt;/td&gt;
&lt;/tr&gt;
&lt;tr&gt;
&lt;td style=&quot;width: 45px;&quot;&gt;Y&lt;/td&gt;
&lt;td style=&quot;width: 310.8px;&quot;&gt;Any amb 4 dígits&lt;/td&gt;
&lt;/tr&gt;
&lt;tr&gt;
&lt;td style=&quot;width: 45px;&quot;&gt;z&lt;/td&gt;
&lt;td style=&quot;width: 310.8px;&quot;&gt;Dia de l'any (1-365)&lt;/td&gt;
&lt;/tr&gt;
&lt;/tbody&gt;
&lt;/table&gt;
&lt;p&gt;La informació completa la pots trobar en el &lt;a href=&quot; AM o PM&quot; target=&quot;_blank&quot; rel=&quot;noopener&quot;&gt;manual oficial de PHP: date&lt;/a&gt;&lt;/p&gt;
&lt;p&gt;Suposant que hui és 15 de setembre de 2019 i les 19 hores 20 minuts i 23 segons et mostrem alguns exemples:&lt;/p&gt;
&lt;div class=&quot;highlighted-code language-php&quot;&gt;
&lt;div&gt;
&lt;pre&gt;&lt;code&gt;date(&quot;d-m-Y&quot;); // 15-09-2019

date(&quot;H:i:s&quot;);  //  19:20:23

date(&quot;Y&quot;); // 2019

date(&quot;YmdHis&quot;); // 20190915192023

date(&quot;d/m/y H:i a&quot;); // 15/09/19 19:20 pm

date(&quot;d-m-Y H:i&quot;, time()); // Moment actual&lt;/code&gt;&lt;/pre&gt;
&lt;/div&gt;
&lt;/div&gt;
&lt;h2&gt;Funció &lt;code&gt;mktime(hora, min, seg, mes, dia, any)&lt;/code&gt;&lt;/h2&gt;
&lt;p&gt;La funció mktime permet obtenir la marca de temps Unix (&lt;em&gt;timestamp&lt;/em&gt;) d'una data.&lt;/p&gt;
&lt;p&gt;Per exemple:&lt;/p&gt;
&lt;div class=&quot;highlighted-code language-php&quot;&gt;
&lt;div&gt;
&lt;pre&gt;&lt;code&gt;$data = mktime(0, 0, 0, 1, 1,2020);
echo date('d-m-Y', $data); // mostrarà 01-01-2020&lt;/code&gt;&lt;/pre&gt;
&lt;/div&gt;
&lt;/div&gt;
&lt;p&gt;Més informació en &lt;a href=&quot;https://www.php.net/manual/es/function.mktime.php&quot;&gt;https://www.php.net/manual/es/function.mktime.php&lt;/a&gt;&lt;/p&gt;
&lt;p&gt;Un altra forma de crear dates és mitjançant la funció &lt;code&gt;strtotime()&lt;/code&gt; on podem indicar les dates mitjançant una cadena de text. Per exemple:&lt;/p&gt;
&lt;div class=&quot;highlighted-code language-php&quot;&gt;
&lt;div&gt;
&lt;pre&gt;&lt;code&gt;$date =strtotime(&quot;2020-01-01&quot;); // posarem la data en el format any-mes-dia per a evitar confusions.&lt;/code&gt;&lt;/pre&gt;
&lt;/div&gt;
&lt;/div&gt;
&lt;h2&gt;Operar amb dates&lt;/h2&gt;
&lt;p&gt;Com hem dit al principi les dates s'emmagatzem com a enters on cada unitat representa un segon. Així podem sumar i restar dates (&lt;em&gt;timestamp&lt;/em&gt;) per a afegir, llevar o calcular diferències entre ells.&lt;/p&gt;
&lt;p&gt;Per exemple, per poder determinar els dies que falten per a l'1 de gener de 2020 faríem:&lt;/p&gt;
&lt;div class=&quot;highlighted-code language-php&quot;&gt;
&lt;div&gt;
&lt;pre&gt;&lt;code&gt;$data = mktime(0, 0, 0, 1, 1,2020); // timestamp que representa l'1 de gener de 2020
$diferencia = $data - time(); // restem a l'1 de gener de 2020 el temps actual, el resultat estarà en segons.
$diferenciaEnDies =((( $diferencia / 60) / 60 ) / 24 );
/*  
    dividim els segons entre 60 i obtenim els minuts,
    els dividim entre 60 i obtenim les hores,
    els dividim entre 24 i obtenim els dies 

*/&lt;/code&gt;&lt;/pre&gt;
&lt;/div&gt;
&lt;/div&gt;"></unicode>
                <string role="key" value="exe.engine.field.Field.persistenceVersion"></string>
                <int value="4"></int>
                <string role="key" value="exe.engine.field.FieldWithResources.persistenceVersion"></string>
                <int value="2"></int>
                <string role="key" value="exe.engine.field.TextAreaField.persistenceVersion"></string>
                <int value="3"></int>
                <string role="key" value="htmlTag"></string>
                <string value="div"></string>
                <string role="key" value="images"></string>
                <instance class="exe.engine.galleryidevice.GalleryImages">
                 <dictionary>
                  <string role="key" value=".listitems"></string>
                  <list></list>
                  <string role="key" value="idevice"></string>
                  <reference key="7"></reference>
                 </dictionary>
                </instance>
                <string role="key" value="intlinks_to_anchors"></string>
                <dictionary></dictionary>
                <string role="key" value="nextImageId"></string>
                <int value="0"></int>
                <string role="key" value="parentNode"></string>
                <reference key="8"></reference>
               </dictionary>
              </instance>
              <string role="key" value="edit"></string>
              <bool value="0"></bool>
              <string role="key" value="emphasis"></string>
              <int value="0"></int>
              <string role="key" value="exe.engine.freetextidevice.FreeTextIdevice.persistenceVersion"></string>
              <int value="7"></int>
              <string role="key" value="icon"></string>
              <string value=""></string>
              <string role="key" value="id"></string>
              <unicode value="2"></unicode>
              <string role="key" value="lastIdevice"></string>
              <bool value="0"></bool>
              <string role="key" value="originalicon"></string>
              <string value=""></string>
              <string role="key" value="parent"></string>
              <none></none>
              <string role="key" value="parentNode"></string>
              <reference key="8"></reference>
              <string role="key" value="systemResources"></string>
              <list></list>
              <string role="key" value="type"></string>
              <none></none>
              <string role="key" value="undo"></string>
              <bool value="1"></bool>
              <string role="key" value="userResources"></string>
              <list></list>
              <string role="key" value="version"></string>
              <int value="0"></int>
             </dictionary>
            </instance>
            <instance class="exe.engine.freetextidevice.FreeTextIdevice" reference="9">
             <dictionary>
              <string role="key" value="_title"></string>
              <unicode value="Free Text"></unicode>
              <string role="key" value="_author"></string>
              <unicode value="University of Auckland"></unicode>
              <string role="key" value="_purpose"></string>
              <unicode value="The majority of a learning resource will be 
establishing context, delivering instructions and providing general information.
This provides the framework within which the learning activities are built and 
delivered."></unicode>
              <string role="key" value="_tip"></string>
              <string value=""></string>
              <string role="key" value="childs"></string>
              <list></list>
              <string role="key" value="content"></string>
              <instance class="exe.engine.field.TextAreaField" reference="10">
               <dictionary>
                <string role="key" value="_id"></string>
                <int value="85"></int>
                <string role="key" value="_idevice"></string>
                <reference key="9"></reference>
                <string role="key" value="_instruc"></string>
                <unicode value="Use this field to enter text. This 
iDevice has no emphasis applied although limited formatting can be applied to 
text through the text editing buttons associated with the field."></unicode>
                <string role="key" value="_name"></string>
                <unicode value="Free Text"></unicode>
                <string role="key" value="anchor_names"></string>
                <list></list>
                <string role="key" value="anchors_linked_from_fields"></string>
                <dictionary></dictionary>
                <string role="key" value="content_w_resourcePaths"></string>
                <unicode content="true" value="&lt;h2&gt;Classe DateTime&lt;/h2&gt;
&lt;p&gt;PHP disposa també de la classe DateTime per a representar les dates, la veurem més avant.&lt;/p&gt;"></unicode>
                <string role="key" value="exe.engine.field.Field.persistenceVersion"></string>
                <int value="4"></int>
                <string role="key" value="exe.engine.field.FieldWithResources.persistenceVersion"></string>
                <int value="2"></int>
                <string role="key" value="exe.engine.field.TextAreaField.persistenceVersion"></string>
                <int value="3"></int>
                <string role="key" value="htmlTag"></string>
                <string value="div"></string>
                <string role="key" value="images"></string>
                <instance class="exe.engine.galleryidevice.GalleryImages">
                 <dictionary>
                  <string role="key" value=".listitems"></string>
                  <list></list>
                  <string role="key" value="idevice"></string>
                  <reference key="10"></reference>
                 </dictionary>
                </instance>
                <string role="key" value="intlinks_to_anchors"></string>
                <dictionary></dictionary>
                <string role="key" value="nextImageId"></string>
                <int value="0"></int>
                <string role="key" value="parentNode"></string>
                <reference key="8"></reference>
               </dictionary>
              </instance>
              <string role="key" value="edit"></string>
              <bool value="0"></bool>
              <string role="key" value="emphasis"></string>
              <int value="0"></int>
              <string role="key" value="exe.engine.freetextidevice.FreeTextIdevice.persistenceVersion"></string>
              <int value="7"></int>
              <string role="key" value="icon"></string>
              <string value=""></string>
              <string role="key" value="id"></string>
              <unicode value="3"></unicode>
              <string role="key" value="lastIdevice"></string>
              <bool value="0"></bool>
              <string role="key" value="originalicon"></string>
              <string value=""></string>
              <string role="key" value="parent"></string>
              <none></none>
              <string role="key" value="parentNode"></string>
              <reference key="8"></reference>
              <string role="key" value="systemResources"></string>
              <list></list>
              <string role="key" value="type"></string>
              <none></none>
              <string role="key" value="undo"></string>
              <bool value="1"></bool>
              <string role="key" value="userResources"></string>
              <list></list>
              <string role="key" value="version"></string>
              <int value="0"></int>
             </dictionary>
            </instance>
            <instance class="exe.engine.jsidevice.JsIdevice" reference="11">
             <dictionary>
              <string role="key" value="_title"></string>
              <unicode value="Tasca: treballar amb dates"></unicode>
              <string role="key" value="_attributes"></string>
              <list>
               <tuple>
                <string value="title"></string>
                <list>
                 <string value="Title"></string>
                 <int value="0"></int>
                 <int value="0"></int>
                </list>
               </tuple>
               <tuple>
                <string value="category"></string>
                <list>
                 <string value="Category"></string>
                 <int value="0"></int>
                 <int value="1"></int>
                </list>
               </tuple>
               <tuple>
                <string value="css-class"></string>
                <list>
                 <string value="CSS class"></string>
                 <int value="0"></int>
                 <int value="2"></int>
                </list>
               </tuple>
               <tuple>
                <string value="icon"></string>
                <list>
                 <string value="Icon"></string>
                 <int value="0"></int>
                 <int value="3"></int>
                </list>
               </tuple>
              </list>
              <string role="key" value="_author"></string>
              <string value=""></string>
              <string role="key" value="_editionFolder"></string>
              <string value="pbl-tools/edition/"></string>
              <string role="key" value="_editionResources"></string>
              <list>
               <string value="pbl-tools.css"></string>
               <string value="pbl-tools.js"></string>
              </list>
              <string role="key" value="_exportFolder"></string>
              <none></none>
              <string role="key" value="_exportResources"></string>
              <list></list>
              <string role="key" value="_iDeviceDir"></string>
              <string value="/home/vicent/.exe/scripts/idevices/pbl-tools"></string>
              <string role="key" value="_purpose"></string>
              <string value=""></string>
              <string role="key" value="_tip"></string>
              <string value=""></string>
              <string role="key" value="_valid"></string>
              <bool value="1"></bool>
              <string role="key" value="class_"></string>
              <unicode value="pbl"></unicode>
              <string role="key" value="edit"></string>
              <bool value="0"></bool>
              <string role="key" value="emphasis"></string>
              <int value="1"></int>
              <string role="key" value="exe.engine.jsidevice.JsIdevice.persistenceVersion"></string>
              <int value="1"></int>
              <string role="key" value="fields"></string>
              <list>
               <instance class="exe.engine.field.TextAreaField" reference="12">
                <dictionary>
                 <string role="key" value="_id"></string>
                 <unicode value="50_2"></unicode>
                 <string role="key" value="_idevice"></string>
                 <reference key="11"></reference>
                 <string role="key" value="_instruc"></string>
                 <string value=""></string>
                 <string role="key" value="_name"></string>
                 <string value=""></string>
                 <string role="key" value="anchor_names"></string>
                 <list></list>
                 <string role="key" value="anchors_linked_from_fields"></string>
                 <dictionary></dictionary>
                 <string role="key" value="content_w_resourcePaths"></string>
                 <unicode content="true" value="&lt;dl class=&quot;pbl-task-info&quot;&gt;&lt;dt class=&quot;pbl-task-duration&quot;&gt;&lt;span&gt;Duració:&lt;/span&gt;&lt;/dt&gt;&lt;dd class=&quot;pbl-task-duration&quot;&gt;01:00&lt;/dd&gt;&lt;dt class=&quot;pbl-task-participants&quot;&gt;&lt;span&gt;Agrupament:&lt;/span&gt;&lt;/dt&gt;&lt;dd class=&quot;pbl-task-participants&quot;&gt;1&lt;/dd&gt;&lt;/dl&gt;&lt;div class=&quot;pbl-task-description&quot;&gt;&lt;p&gt;Crea una pàgina anomenada dates.php i realitza les següents tasques:&lt;/p&gt;
&lt;ol&gt;
&lt;li&gt;Mostra la data i hora actuals amb el format: &lt;code&gt;dd/mm/yyyy hh:mm:ss&lt;/code&gt;&lt;/li&gt;
&lt;li&gt;Mostra el nom de la zona horària que s'utilitza per defecte.&lt;/li&gt;
&lt;li&gt;Mostra la data de que serà d’ací 45 dies.&lt;/li&gt;
&lt;li&gt;Mostra el nombre de dies que han passat des de l'1 de gener.&lt;/li&gt;
&lt;li&gt;Mostra la data i hora actuals de Nova York.&lt;/li&gt;
&lt;li&gt;Mostra el dia de la setmana que era l'1 de gener d'enguany.&lt;/li&gt;
&lt;/ol&gt;
&lt;p&gt;En acabar penja el document a Moodle.&lt;/p&gt;&lt;/div&gt;"></unicode>
                 <string role="key" value="exe.engine.field.Field.persistenceVersion"></string>
                 <int value="4"></int>
                 <string role="key" value="exe.engine.field.FieldWithResources.persistenceVersion"></string>
                 <int value="2"></int>
                 <string role="key" value="exe.engine.field.TextAreaField.persistenceVersion"></string>
                 <int value="3"></int>
                 <string role="key" value="htmlTag"></string>
                 <string value="div"></string>
                 <string role="key" value="images"></string>
                 <instance class="exe.engine.galleryidevice.GalleryImages">
                  <dictionary>
                   <string role="key" value=".listitems"></string>
                   <list></list>
                   <string role="key" value="idevice"></string>
                   <reference key="12"></reference>
                  </dictionary>
                 </instance>
                 <string role="key" value="intlinks_to_anchors"></string>
                 <dictionary></dictionary>
                 <string role="key" value="nextImageId"></string>
                 <int value="0"></int>
                 <string role="key" value="parentNode"></string>
                 <reference key="8"></reference>
                </dictionary>
               </instance>
              </list>
              <string role="key" value="icon"></string>
              <unicode value="atom"></unicode>
              <string role="key" value="id"></string>
              <unicode value="5"></unicode>
              <string role="key" value="ideviceCategory"></string>
              <unicode value="Text and Tasks"></unicode>
              <string role="key" value="lastIdevice"></string>
              <bool value="0"></bool>
              <string role="key" value="nextFieldId"></string>
              <int value="3"></int>
              <string role="key" value="originalicon"></string>
              <unicode value="activity"></unicode>
              <string role="key" value="parentNode"></string>
              <reference key="8"></reference>
              <string role="key" value="systemResources"></string>
              <list></list>
              <string role="key" value="undo"></string>
              <bool value="1"></bool>
              <string role="key" value="userResources"></string>
              <list></list>
              <string role="key" value="version"></string>
              <int value="0"></int>
             </dictionary>
            </instance>
           </list>
           <string role="key" value="_id"></string>
           <unicode value="5"></unicode>
           <string role="key" value="_package"></string>
           <reference key="4"></reference>
           <string role="key" value="anchor_fields"></string>
           <list></list>
           <string role="key" value="exe.engine.node.Node.persistenceVersion"></string>
           <int value="2"></int>
           <string role="key" value="exportType"></string>
           <string value="website"></string>
           <string role="key" value="last_full_node_path"></string>
           <string value="exe-node:2.%20Caracter%C3%ADstiques%20b%C3%A0siques%20del%20llenguatge:2.%20Maneig%20de%20cadenes%20de%20text%20i%20dates:2.2.%20Maneig%20de%20dates"></string>
           <string role="key" value="parent"></string>
           <reference key="5"></reference>
           <string role="key" value="top_anchors_linked_from_fields"></string>
           <list></list>
           <string role="key" value="children"></string>
           <list></list>
          </dictionary>
         </instance>
        </list>
       </dictionary>
      </instance>
      <instance class="exe.engine.node.Node" reference="13">
       <dictionary>
        <string role="key" value="_title"></string>
        <unicode value="3. Maneig d'arrays"></unicode>
        <string role="key" value="idevices"></string>
        <list></list>
        <string role="key" value="_id"></string>
        <unicode value="3"></unicode>
        <string role="key" value="_package"></string>
        <reference key="4"></reference>
        <string role="key" value="anchor_fields"></string>
        <list></list>
        <string role="key" value="exe.engine.node.Node.persistenceVersion"></string>
        <int value="2"></int>
        <string role="key" value="exportType"></string>
        <string value="website"></string>
        <string role="key" value="last_full_node_path"></string>
        <string value="exe-node:2.%20Caracter%C3%ADstiques%20b%C3%A0siques%20del%20llenguatge:3.%20Maneig%20d%27arrays"></string>
        <string role="key" value="parent"></string>
        <reference key="3"></reference>
        <string role="key" value="top_anchors_linked_from_fields"></string>
        <list></list>
        <string role="key" value="children"></string>
        <list>
         <instance class="exe.engine.node.Node" reference="16">
          <dictionary>
           <string role="key" value="_title"></string>
           <unicode value="3.1. Introducció"></unicode>
           <string role="key" value="idevices"></string>
           <list></list>
           <string role="key" value="_id"></string>
           <unicode value="6"></unicode>
           <string role="key" value="_package"></string>
           <reference key="4"></reference>
           <string role="key" value="anchor_fields"></string>
           <list></list>
           <string role="key" value="exe.engine.node.Node.persistenceVersion"></string>
           <int value="2"></int>
           <string role="key" value="exportType"></string>
           <string value="website"></string>
           <string role="key" value="last_full_node_path"></string>
           <string value="exe-node:2.%20Caracter%C3%ADstiques%20b%C3%A0siques%20del%20llenguatge:3.%20Maneig%20d%27arrays:3.1.%20Introducci%C3%B3"></string>
           <string role="key" value="parent"></string>
           <reference key="13"></reference>
           <string role="key" value="top_anchors_linked_from_fields"></string>
           <list></list>
           <string role="key" value="children"></string>
           <list></list>
          </dictionary>
         </instance>
         <instance class="exe.engine.node.Node" reference="17">
          <dictionary>
           <string role="key" value="_title"></string>
           <unicode value="3.2. Arrays associatius"></unicode>
           <string role="key" value="idevices"></string>
           <list></list>
           <string role="key" value="_id"></string>
           <unicode value="7"></unicode>
           <string role="key" value="_package"></string>
           <reference key="4"></reference>
           <string role="key" value="anchor_fields"></string>
           <list></list>
           <string role="key" value="exe.engine.node.Node.persistenceVersion"></string>
           <int value="2"></int>
           <string role="key" value="exportType"></string>
           <string value="website"></string>
           <string role="key" value="last_full_node_path"></string>
           <string value="exe-node:2.%20Caracter%C3%ADstiques%20b%C3%A0siques%20del%20llenguatge:3.%20Maneig%20d%27arrays:3.2.%20Arrays%20associatius"></string>
           <string role="key" value="parent"></string>
           <reference key="13"></reference>
           <string role="key" value="top_anchors_linked_from_fields"></string>
           <list></list>
           <string role="key" value="children"></string>
           <list></list>
          </dictionary>
         </instance>
         <instance class="exe.engine.node.Node" reference="18">
          <dictionary>
           <string role="key" value="_title"></string>
           <unicode value="3.3. Arrays multidimensionals"></unicode>
           <string role="key" value="idevices"></string>
           <list></list>
           <string role="key" value="_id"></string>
           <unicode value="8"></unicode>
           <string role="key" value="_package"></string>
           <reference key="4"></reference>
           <string role="key" value="anchor_fields"></string>
           <list></list>
           <string role="key" value="exe.engine.node.Node.persistenceVersion"></string>
           <int value="2"></int>
           <string role="key" value="exportType"></string>
           <string value="website"></string>
           <string role="key" value="last_full_node_path"></string>
           <string value="exe-node:2.%20Caracter%C3%ADstiques%20b%C3%A0siques%20del%20llenguatge:3.%20Maneig%20d%27arrays:3.3.%20Arrays%20multidimensionals"></string>
           <string role="key" value="parent"></string>
           <reference key="13"></reference>
           <string role="key" value="top_anchors_linked_from_fields"></string>
           <list></list>
           <string role="key" value="children"></string>
           <list></list>
          </dictionary>
         </instance>
        </list>
       </dictionary>
      </instance>
     </list>
    </dictionary>
   </instance>
   <unicode role="key" value="1"></unicode>
   <reference key="14"></reference>
   <unicode role="key" value="2"></unicode>
   <reference key="5"></reference>
   <unicode role="key" value="3"></unicode>
   <reference key="13"></reference>
   <unicode role="key" value="4"></unicode>
   <reference key="15"></reference>
   <unicode role="key" value="5"></unicode>
   <reference key="8"></reference>
   <unicode role="key" value="6"></unicode>
   <reference key="16"></reference>
   <unicode role="key" value="7"></unicode>
   <reference key="17"></reference>
   <unicode role="key" value="8"></unicode>
   <reference key="18"></reference>
  </dictionary>
  <string role="key" value="_objectives"></string>
  <unicode value=""></unicode>
  <string role="key" value="_preknowledge"></string>
  <unicode value=""></unicode>
  <string role="key" value="_templateFile"></string>
  <string value="Base"></string>
  <string role="key" value="backgroundImgTile"></string>
  <bool value="0"></bool>
  <string role="key" value="currentNode"></string>
  <reference key="8"></reference>
  <string role="key" value="dublinCore"></string>
  <instance class="exe.engine.package.DublinCore">
   <dictionary>
    <string role="key" value="contributors"></string>
    <unicode value=""></unicode>
    <string role="key" value="coverage"></string>
    <unicode value=""></unicode>
    <string role="key" value="creator"></string>
    <unicode value=""></unicode>
    <string role="key" value="date"></string>
    <unicode value=""></unicode>
    <string role="key" value="description"></string>
    <unicode value=""></unicode>
    <string role="key" value="format"></string>
    <unicode value=""></unicode>
    <string role="key" value="identifier"></string>
    <unicode value="4a7d755e-34a5-410a-a7d4-601881136623"></unicode>
    <string role="key" value="language"></string>
    <unicode value="ca"></unicode>
    <string role="key" value="publisher"></string>
    <unicode value=""></unicode>
    <string role="key" value="relation"></string>
    <unicode value=""></unicode>
    <string role="key" value="rights"></string>
    <unicode value=""></unicode>
    <string role="key" value="source"></string>
    <unicode value=""></unicode>
    <string role="key" value="subject"></string>
    <unicode value=""></unicode>
    <string role="key" value="title"></string>
    <unicode value=""></unicode>
    <string role="key" value="type"></string>
    <unicode value=""></unicode>
   </dictionary>
  </instance>
  <string role="key" value="exe.engine.package.Package.persistenceVersion"></string>
  <int value="16"></int>
  <string role="key" value="exportMetadataType"></string>
  <string value="LOMES"></string>
  <string role="key" value="exportSource"></string>
  <bool value="1"></bool>
  <string role="key" value="footer"></string>
  <string value=""></string>
  <string role="key" value="isLoading"></string>
  <bool value="0"></bool>
  <string role="key" value="license"></string>
  <unicode value="creative commons: attribution - share alike 4.0"></unicode>
  <string role="key" value="lom"></string>
  <instance class="exe.engine.lom.lomsubs.lomSub">
   <dictionary>
    <string role="key" value="__index__"></string>
    <dictionary></dictionary>
    <string role="key" value="__oldchild__"></string>
    <none></none>
    <string role="key" value="annotation"></string>
    <list></list>
    <string role="key" value="classification"></string>
    <list></list>
    <string role="key" value="educational"></string>
    <list>
     <instance class="exe.engine.lom.lomsubs.educationalSub">
      <dictionary>
       <string role="key" value="cognitiveProcess"></string>
       <list></list>
       <string role="key" value="context"></string>
       <list></list>
       <string role="key" value="description"></string>
       <list></list>
       <string role="key" value="difficulty"></string>
       <none></none>
       <string role="key" value="intendedEndUserRole"></string>
       <list></list>
       <string role="key" value="interactivityLevel"></string>
       <none></none>
       <string role="key" value="interactivityType"></string>
       <none></none>
       <string role="key" value="language"></string>
       <list>
        <instance class="exe.engine.lom.lomsubs.LanguageIdSub">
         <dictionary>
          <string role="key" value="extensiontype_"></string>
          <none></none>
          <string role="key" value="valueOf_"></string>
          <string value="ca"></string>
         </dictionary>
        </instance>
       </list>
       <string role="key" value="learningResourceType"></string>
       <list></list>
       <string role="key" value="semanticDensity"></string>
       <none></none>
       <string role="key" value="typicalAgeRange"></string>
       <list></list>
       <string role="key" value="typicalLearningTime"></string>
       <none></none>
      </dictionary>
     </instance>
    </list>
    <string role="key" value="general"></string>
    <instance class="exe.engine.lom.lomsubs.generalSub">
     <dictionary>
      <string role="key" value="aggregationLevel"></string>
      <instance class="exe.engine.lom.lomsubs.aggregationLevelSub">
       <dictionary>
        <string role="key" value="extensiontype_"></string>
        <none></none>
        <string role="key" value="source"></string>
        <instance class="exe.engine.lom.lomsubs.sourceValueSub">
         <dictionary>
          <string role="key" value="extensiontype_"></string>
          <none></none>
          <string role="key" value="string"></string>
          <list></list>
          <string role="key" value="uniqueElementName"></string>
          <string value="source"></string>
          <string role="key" value="valueOf_"></string>
          <string value="LOMv1.0"></string>
         </dictionary>
        </instance>
        <string role="key" value="uniqueElementName"></string>
        <string value="aggregationLevel"></string>
        <string role="key" value="value"></string>
        <instance class="exe.engine.lom.lomsubs.aggregationLevelValueSub">
         <dictionary>
          <string role="key" value="extensiontype_"></string>
          <none></none>
          <string role="key" value="source"></string>
          <none></none>
          <string role="key" value="uniqueElementName"></string>
          <string value="value"></string>
          <string role="key" value="value"></string>
          <none></none>
          <string role="key" value="valueOf_"></string>
          <string value="2"></string>
         </dictionary>
        </instance>
       </dictionary>
      </instance>
      <string role="key" value="coverage"></string>
      <list></list>
      <string role="key" value="description"></string>
      <list></list>
      <string role="key" value="identifier"></string>
      <list>
       <instance class="exe.engine.lom.lomsubs.identifierSub">
        <dictionary>
         <string role="key" value="catalog"></string>
         <instance class="exe.engine.lom.lomsubs.catalogSub">
          <dictionary>
           <string role="key" value="uniqueElementName"></string>
           <string value="catalog"></string>
           <string role="key" value="valueOf_"></string>
           <unicode value="My Catalog"></unicode>
          </dictionary>
         </instance>
         <string role="key" value="entry"></string>
         <instance class="exe.engine.lom.lomsubs.entrySub">
          <dictionary>
           <string role="key" value="uniqueElementName"></string>
           <string value="entry"></string>
           <string role="key" value="valueOf_"></string>
           <unicode value="4a7d755e-34a5-410a-a7d4-601881136623"></unicode>
          </dictionary>
         </instance>
        </dictionary>
       </instance>
      </list>
      <string role="key" value="keyword"></string>
      <list></list>
      <string role="key" value="language"></string>
      <list>
       <instance class="exe.engine.lom.lomsubs.LanguageIdSub">
        <dictionary>
         <string role="key" value="extensiontype_"></string>
         <none></none>
         <string role="key" value="valueOf_"></string>
         <string value="ca"></string>
        </dictionary>
       </instance>
      </list>
      <string role="key" value="structure"></string>
      <none></none>
      <string role="key" value="title"></string>
      <none></none>
      <string role="key" value="uniqueElementName"></string>
      <string value="general"></string>
     </dictionary>
    </instance>
    <string role="key" value="lifeCycle"></string>
    <none></none>
    <string role="key" value="metaMetadata"></string>
    <instance class="exe.engine.lom.lomsubs.metaMetadataSub">
     <dictionary>
      <string role="key" value="contribute"></string>
      <list>
       <instance class="exe.engine.lom.lomsubs.contributeMetaSub">
        <dictionary>
         <string role="key" value="date"></string>
         <instance class="exe.engine.lom.lomsubs.dateSub">
          <dictionary>
           <string role="key" value="dateTime"></string>
           <instance class="exe.engine.lom.lomsubs.DateTimeValueSub">
            <dictionary>
             <string role="key" value="uniqueElementName"></string>
             <string value="dateTime"></string>
             <string role="key" value="valueOf_"></string>
             <string value="2019-09-18T15:59:12.00+02:00"></string>
            </dictionary>
           </instance>
           <string role="key" value="description"></string>
           <instance class="exe.engine.lom.lomsubs.LanguageStringSub">
            <dictionary>
             <string role="key" value="extensiontype_"></string>
             <none></none>
             <string role="key" value="string"></string>
             <list>
              <instance class="exe.engine.lom.lomsubs.LangStringSub">
               <dictionary>
                <string role="key" value="language"></string>
                <string value="ca"></string>
                <string role="key" value="valueOf_"></string>
                <string value="Data de creaci\xc3\xb3 de les metadades"></string>
               </dictionary>
              </instance>
             </list>
            </dictionary>
           </instance>
           <string role="key" value="extensiontype_"></string>
           <none></none>
           <string role="key" value="uniqueElementName"></string>
           <none></none>
           <string role="key" value="valueOf_"></string>
           <none></none>
          </dictionary>
         </instance>
         <string role="key" value="entity"></string>
         <list>
          <instance class="exe.engine.lom.lomsubs.entitySub">
           <dictionary>
            <string role="key" value="extensiontype_"></string>
            <none></none>
            <string role="key" value="valueOf_"></string>
            <string value="BEGIN:VCARD VERSION:3.0 FN: EMAIL;TYPE=INTERNET: ORG: END:VCARD"></string>
           </dictionary>
          </instance>
         </list>
         <string role="key" value="role"></string>
         <instance class="exe.engine.lom.lomsubs.roleSub">
          <dictionary>
           <string role="key" value="extensiontype_"></string>
           <none></none>
           <string role="key" value="source"></string>
           <instance class="exe.engine.lom.lomsubs.sourceValueSub">
            <dictionary>
             <string role="key" value="extensiontype_"></string>
             <none></none>
             <string role="key" value="string"></string>
             <list></list>
             <string role="key" value="uniqueElementName"></string>
             <string value="source"></string>
             <string role="key" value="valueOf_"></string>
             <string value="LOMv1.0"></string>
            </dictionary>
           </instance>
           <string role="key" value="uniqueElementName"></string>
           <string value="role"></string>
           <string role="key" value="value"></string>
           <instance class="exe.engine.lom.lomsubs.roleValueSub">
            <dictionary>
             <string role="key" value="extensiontype_"></string>
             <none></none>
             <string role="key" value="source"></string>
             <none></none>
             <string role="key" value="uniqueElementName"></string>
             <string value="value"></string>
             <string role="key" value="value"></string>
             <none></none>
             <string role="key" value="valueOf_"></string>
             <string value="creator"></string>
            </dictionary>
           </instance>
          </dictionary>
         </instance>
        </dictionary>
       </instance>
      </list>
      <string role="key" value="identifier"></string>
      <list></list>
      <string role="key" value="language"></string>
      <instance class="exe.engine.lom.lomsubs.LanguageIdSub">
       <dictionary>
        <string role="key" value="extensiontype_"></string>
        <none></none>
        <string role="key" value="valueOf_"></string>
        <string value="ca"></string>
       </dictionary>
      </instance>
      <string role="key" value="metadataSchema"></string>
      <list>
       <instance class="exe.engine.lom.lomsubs.metadataSchemaSub">
        <dictionary>
         <string role="key" value="valueOf_"></string>
         <string value="LOMv1.0"></string>
        </dictionary>
       </instance>
      </list>
      <string role="key" value="uniqueElementName"></string>
      <string value="metaMetadata"></string>
     </dictionary>
    </instance>
    <string role="key" value="relation"></string>
    <list></list>
    <string role="key" value="rights"></string>
    <instance class="exe.engine.lom.lomsubs.rightsSub">
     <dictionary>
      <string role="key" value="access"></string>
      <none></none>
      <string role="key" value="copyrightAndOtherRestrictions"></string>
      <instance class="exe.engine.lom.lomsubs.copyrightAndOtherRestrictionsSub">
       <dictionary>
        <string role="key" value="extensiontype_"></string>
        <none></none>
        <string role="key" value="source"></string>
        <instance class="exe.engine.lom.lomsubs.sourceValueSub">
         <dictionary>
          <string role="key" value="extensiontype_"></string>
          <none></none>
          <string role="key" value="string"></string>
          <list></list>
          <string role="key" value="uniqueElementName"></string>
          <string value="source"></string>
          <string role="key" value="valueOf_"></string>
          <string value="LOMv1.0"></string>
         </dictionary>
        </instance>
        <string role="key" value="uniqueElementName"></string>
        <string value="copyrightAndOtherRestrictions"></string>
        <string role="key" value="value"></string>
        <instance class="exe.engine.lom.lomsubs.copyrightAndOtherRestrictionsValueSub">
         <dictionary>
          <string role="key" value="extensiontype_"></string>
          <none></none>
          <string role="key" value="source"></string>
          <none></none>
          <string role="key" value="uniqueElementName"></string>
          <string value="value"></string>
          <string role="key" value="value"></string>
          <none></none>
          <string role="key" value="valueOf_"></string>
          <string value="yes"></string>
         </dictionary>
        </instance>
       </dictionary>
      </instance>
      <string role="key" value="cost"></string>
      <none></none>
      <string role="key" value="description"></string>
      <none></none>
      <string role="key" value="uniqueElementName"></string>
      <none></none>
     </dictionary>
    </instance>
    <string role="key" value="technical"></string>
    <none></none>
   </dictionary>
  </instance>
  <string role="key" value="lomEs"></string>
  <instance class="exe.engine.lom.lomsubs.lomSub">
   <dictionary>
    <string role="key" value="__index__"></string>
    <dictionary></dictionary>
    <string role="key" value="__oldchild__"></string>
    <none></none>
    <string role="key" value="annotation"></string>
    <list></list>
    <string role="key" value="classification"></string>
    <list></list>
    <string role="key" value="educational"></string>
    <list>
     <instance class="exe.engine.lom.lomsubs.educationalSub">
      <dictionary>
       <string role="key" value="cognitiveProcess"></string>
       <list></list>
       <string role="key" value="context"></string>
       <list></list>
       <string role="key" value="description"></string>
       <list></list>
       <string role="key" value="difficulty"></string>
       <none></none>
       <string role="key" value="intendedEndUserRole"></string>
       <list></list>
       <string role="key" value="interactivityLevel"></string>
       <none></none>
       <string role="key" value="interactivityType"></string>
       <none></none>
       <string role="key" value="language"></string>
       <list>
        <instance class="exe.engine.lom.lomsubs.LanguageIdSub">
         <dictionary>
          <string role="key" value="extensiontype_"></string>
          <none></none>
          <string role="key" value="valueOf_"></string>
          <string value="ca"></string>
         </dictionary>
        </instance>
       </list>
       <string role="key" value="learningResourceType"></string>
       <list></list>
       <string role="key" value="semanticDensity"></string>
       <none></none>
       <string role="key" value="typicalAgeRange"></string>
       <list></list>
       <string role="key" value="typicalLearningTime"></string>
       <none></none>
      </dictionary>
     </instance>
    </list>
    <string role="key" value="general"></string>
    <instance class="exe.engine.lom.lomsubs.generalSub">
     <dictionary>
      <string role="key" value="aggregationLevel"></string>
      <instance class="exe.engine.lom.lomsubs.aggregationLevelSub">
       <dictionary>
        <string role="key" value="extensiontype_"></string>
        <none></none>
        <string role="key" value="source"></string>
        <instance class="exe.engine.lom.lomsubs.sourceValueSub">
         <dictionary>
          <string role="key" value="extensiontype_"></string>
          <none></none>
          <string role="key" value="string"></string>
          <list></list>
          <string role="key" value="uniqueElementName"></string>
          <string value="source"></string>
          <string role="key" value="valueOf_"></string>
          <string value="LOM-ESv1.0"></string>
         </dictionary>
        </instance>
        <string role="key" value="uniqueElementName"></string>
        <string value="aggregationLevel"></string>
        <string role="key" value="value"></string>
        <instance class="exe.engine.lom.lomsubs.aggregationLevelValueSub">
         <dictionary>
          <string role="key" value="extensiontype_"></string>
          <none></none>
          <string role="key" value="source"></string>
          <none></none>
          <string role="key" value="uniqueElementName"></string>
          <string value="value"></string>
          <string role="key" value="value"></string>
          <none></none>
          <string role="key" value="valueOf_"></string>
          <string value="2"></string>
         </dictionary>
        </instance>
       </dictionary>
      </instance>
      <string role="key" value="coverage"></string>
      <list></list>
      <string role="key" value="description"></string>
      <list></list>
      <string role="key" value="identifier"></string>
      <list>
       <instance class="exe.engine.lom.lomsubs.identifierSub">
        <dictionary>
         <string role="key" value="catalog"></string>
         <instance class="exe.engine.lom.lomsubs.catalogSub">
          <dictionary>
           <string role="key" value="uniqueElementName"></string>
           <string value="catalog"></string>
           <string role="key" value="valueOf_"></string>
           <unicode value="My Catalog"></unicode>
          </dictionary>
         </instance>
         <string role="key" value="entry"></string>
         <instance class="exe.engine.lom.lomsubs.entrySub">
          <dictionary>
           <string role="key" value="uniqueElementName"></string>
           <string value="entry"></string>
           <string role="key" value="valueOf_"></string>
           <unicode value="4a7d755e-34a5-410a-a7d4-601881136623"></unicode>
          </dictionary>
         </instance>
        </dictionary>
       </instance>
      </list>
      <string role="key" value="keyword"></string>
      <list></list>
      <string role="key" value="language"></string>
      <list>
       <instance class="exe.engine.lom.lomsubs.LanguageIdSub">
        <dictionary>
         <string role="key" value="extensiontype_"></string>
         <none></none>
         <string role="key" value="valueOf_"></string>
         <string value="ca"></string>
        </dictionary>
       </instance>
      </list>
      <string role="key" value="structure"></string>
      <none></none>
      <string role="key" value="title"></string>
      <none></none>
      <string role="key" value="uniqueElementName"></string>
      <string value="general"></string>
     </dictionary>
    </instance>
    <string role="key" value="lifeCycle"></string>
    <none></none>
    <string role="key" value="metaMetadata"></string>
    <instance class="exe.engine.lom.lomsubs.metaMetadataSub">
     <dictionary>
      <string role="key" value="contribute"></string>
      <list>
       <instance class="exe.engine.lom.lomsubs.contributeMetaSub">
        <dictionary>
         <string role="key" value="date"></string>
         <instance class="exe.engine.lom.lomsubs.dateSub">
          <dictionary>
           <string role="key" value="dateTime"></string>
           <instance class="exe.engine.lom.lomsubs.DateTimeValueSub">
            <dictionary>
             <string role="key" value="uniqueElementName"></string>
             <string value="dateTime"></string>
             <string role="key" value="valueOf_"></string>
             <string value="2019-09-18T15:59:12.00+02:00"></string>
            </dictionary>
           </instance>
           <string role="key" value="description"></string>
           <instance class="exe.engine.lom.lomsubs.LanguageStringSub">
            <dictionary>
             <string role="key" value="extensiontype_"></string>
             <none></none>
             <string role="key" value="string"></string>
             <list>
              <instance class="exe.engine.lom.lomsubs.LangStringSub">
               <dictionary>
                <string role="key" value="language"></string>
                <string value="ca"></string>
                <string role="key" value="valueOf_"></string>
                <string value="Data de creaci\xc3\xb3 de les metadades"></string>
               </dictionary>
              </instance>
             </list>
            </dictionary>
           </instance>
           <string role="key" value="extensiontype_"></string>
           <none></none>
           <string role="key" value="uniqueElementName"></string>
           <none></none>
           <string role="key" value="valueOf_"></string>
           <none></none>
          </dictionary>
         </instance>
         <string role="key" value="entity"></string>
         <list>
          <instance class="exe.engine.lom.lomsubs.entitySub">
           <dictionary>
            <string role="key" value="extensiontype_"></string>
            <none></none>
            <string role="key" value="valueOf_"></string>
            <string value="BEGIN:VCARD VERSION:3.0 FN: EMAIL;TYPE=INTERNET: ORG: END:VCARD"></string>
           </dictionary>
          </instance>
         </list>
         <string role="key" value="role"></string>
         <instance class="exe.engine.lom.lomsubs.roleSub">
          <dictionary>
           <string role="key" value="extensiontype_"></string>
           <none></none>
           <string role="key" value="source"></string>
           <instance class="exe.engine.lom.lomsubs.sourceValueSub">
            <dictionary>
             <string role="key" value="extensiontype_"></string>
             <none></none>
             <string role="key" value="string"></string>
             <list></list>
             <string role="key" value="uniqueElementName"></string>
             <string value="source"></string>
             <string role="key" value="valueOf_"></string>
             <string value="LOM-ESv1.0"></string>
            </dictionary>
           </instance>
           <string role="key" value="uniqueElementName"></string>
           <string value="role"></string>
           <string role="key" value="value"></string>
           <instance class="exe.engine.lom.lomsubs.roleValueSub">
            <dictionary>
             <string role="key" value="extensiontype_"></string>
             <none></none>
             <string role="key" value="source"></string>
             <none></none>
             <string role="key" value="uniqueElementName"></string>
             <string value="value"></string>
             <string role="key" value="value"></string>
             <none></none>
             <string role="key" value="valueOf_"></string>
             <string value="creator"></string>
            </dictionary>
           </instance>
          </dictionary>
         </instance>
        </dictionary>
       </instance>
      </list>
      <string role="key" value="identifier"></string>
      <list></list>
      <string role="key" value="language"></string>
      <instance class="exe.engine.lom.lomsubs.LanguageIdSub">
       <dictionary>
        <string role="key" value="extensiontype_"></string>
        <none></none>
        <string role="key" value="valueOf_"></string>
        <string value="ca"></string>
       </dictionary>
      </instance>
      <string role="key" value="metadataSchema"></string>
      <list>
       <instance class="exe.engine.lom.lomsubs.metadataSchemaSub">
        <dictionary>
         <string role="key" value="valueOf_"></string>
         <string value="LOM-ESv1.0"></string>
        </dictionary>
       </instance>
      </list>
      <string role="key" value="uniqueElementName"></string>
      <string value="metaMetadata"></string>
     </dictionary>
    </instance>
    <string role="key" value="relation"></string>
    <list></list>
    <string role="key" value="rights"></string>
    <instance class="exe.engine.lom.lomsubs.rightsSub">
     <dictionary>
      <string role="key" value="access"></string>
      <instance class="exe.engine.lom.lomsubs.accessSub">
       <dictionary>
        <string role="key" value="accessType"></string>
        <instance class="exe.engine.lom.lomsubs.accessTypeSub">
         <dictionary>
          <string role="key" value="extensiontype_"></string>
          <none></none>
          <string role="key" value="source"></string>
          <instance class="exe.engine.lom.lomsubs.sourceValueSub">
           <dictionary>
            <string role="key" value="extensiontype_"></string>
            <none></none>
            <string role="key" value="string"></string>
            <list></list>
            <string role="key" value="uniqueElementName"></string>
            <string value="source"></string>
            <string role="key" value="valueOf_"></string>
            <string value="LOM-ESv1.0"></string>
           </dictionary>
          </instance>
          <string role="key" value="uniqueElementName"></string>
          <string value="accessType"></string>
          <string role="key" value="value"></string>
          <instance class="exe.engine.lom.lomsubs.accessTypeValueSub">
           <dictionary>
            <string role="key" value="extensiontype_"></string>
            <none></none>
            <string role="key" value="source"></string>
            <none></none>
            <string role="key" value="uniqueElementName"></string>
            <string value="value"></string>
            <string role="key" value="value"></string>
            <none></none>
            <string role="key" value="valueOf_"></string>
            <string value="universal"></string>
           </dictionary>
          </instance>
         </dictionary>
        </instance>
        <string role="key" value="description"></string>
        <instance class="exe.engine.lom.lomsubs.LanguageStringSub">
         <dictionary>
          <string role="key" value="extensiontype_"></string>
          <none></none>
          <string role="key" value="string"></string>
          <list>
           <instance class="exe.engine.lom.lomsubs.LangStringSub">
            <dictionary>
             <string role="key" value="language"></string>
             <string value="en"></string>
             <string role="key" value="valueOf_"></string>
             <unicode value="Default"></unicode>
            </dictionary>
           </instance>
          </list>
         </dictionary>
        </instance>
        <string role="key" value="uniqueElementName"></string>
        <string value="access"></string>
       </dictionary>
      </instance>
      <string role="key" value="copyrightAndOtherRestrictions"></string>
      <instance class="exe.engine.lom.lomsubs.copyrightAndOtherRestrictionsSub">
       <dictionary>
        <string role="key" value="extensiontype_"></string>
        <none></none>
        <string role="key" value="source"></string>
        <instance class="exe.engine.lom.lomsubs.sourceValueSub">
         <dictionary>
          <string role="key" value="extensiontype_"></string>
          <none></none>
          <string role="key" value="string"></string>
          <list></list>
          <string role="key" value="uniqueElementName"></string>
          <string value="source"></string>
          <string role="key" value="valueOf_"></string>
          <string value="LOM-ESv1.0"></string>
         </dictionary>
        </instance>
        <string role="key" value="uniqueElementName"></string>
        <string value="copyrightAndOtherRestrictions"></string>
        <string role="key" value="value"></string>
        <instance class="exe.engine.lom.lomsubs.copyrightAndOtherRestrictionsValueSub">
         <dictionary>
          <string role="key" value="extensiontype_"></string>
          <none></none>
          <string role="key" value="source"></string>
          <none></none>
          <string role="key" value="uniqueElementName"></string>
          <string value="value"></string>
          <string role="key" value="value"></string>
          <none></none>
          <string role="key" value="valueOf_"></string>
          <string value="creative commons: attribution - share alike"></string>
         </dictionary>
        </instance>
       </dictionary>
      </instance>
      <string role="key" value="cost"></string>
      <none></none>
      <string role="key" value="description"></string>
      <none></none>
      <string role="key" value="uniqueElementName"></string>
      <string value="rights"></string>
     </dictionary>
    </instance>
    <string role="key" value="technical"></string>
    <none></none>
   </dictionary>
  </instance>
  <string role="key" value="mxmlforcemediaonly"></string>
  <bool value="0"></bool>
  <string role="key" value="mxmlheight"></string>
  <string value=""></string>
  <string role="key" value="mxmlprofilelist"></string>
  <string value=""></string>
  <string role="key" value="mxmlwidth"></string>
  <string value=""></string>
  <string role="key" value="release"></string>
  <string value=""></string>
  <string role="key" value="resources"></string>
  <dictionary></dictionary>
  <string role="key" value="root"></string>
  <reference key="3"></reference>
  <string role="key" value="scolinks"></string>
  <bool value="0"></bool>
  <string role="key" value="scowsinglepage"></string>
  <bool value="0"></bool>
  <string role="key" value="scowwebsite"></string>
  <bool value="0"></bool>
  <string role="key" value="style"></string>
  <unicode value="INTEF"></unicode>
  <string role="key" value="sugaractivityname"></string>
  <string value=""></string>
  <string role="key" value="sugarservicename"></string>
  <string value=""></string>
  <string role="key" value="tempFile"></string>
  <bool value="0"></bool>
 </dictionary>
</instance>